﻿图片地址,标题,字段1
https://media.gettyimages.com/photos/desperate-man-sitting-in-the-tunnel-picture-id1080122604,Desperate man sitting in the tunnel - stock photo,Desperate man sitting in the tunnel.
https://media.gettyimages.com/photos/worried-woman-sitting-on-floor-next-to-bed-picture-id1091233350,Worried woman sitting on floor next to bed - stock photo,"Mid adult woman sitting home alone, worried."
https://media.gettyimages.com/photos/depressive-man-picture-id1185422927,Depressive man - stock photo,Young depressed man sitting on floor.
https://media.gettyimages.com/photos/unemployed-businesswoman-depressed-sitting-on-a-path-due-to-company-picture-id1216160906,Unemployed businesswoman depressed sitting on a path due to company bankrupted while coronavirus spreading situation - stock photo,Unemployed businesswoman depressed sitting on a path due to company bankrupted while coronavirus spreading situation
https://media.gettyimages.com/photos/social-distancing-during-covid19-pandemic-picture-id1214516643,Social distancing during COVID-19 pandemic - stock photo,Young woman feeling worried after checking COVID-19 symptoms online and staying home for safety
https://media.gettyimages.com/photos/sad-unhappy-teenage-girl-picture-id1136755765,Sad unhappy teenage girl - stock photo,Sad unhappy teenage girl
https://media.gettyimages.com/photos/depression-in-women-picture-id1182111567,Depression in women - stock photo,Melancholy woman resting at the terrace
https://media.gettyimages.com/photos/sad-woman-sleeping-on-bed-at-home-picture-id1150900278,Sad Woman Sleeping On Bed At Home - stock photo,
https://media.gettyimages.com/photos/dont-keep-it-all-bottled-up-picture-id658442986,Don't keep it all bottled up - stock photo,Shot of a woman comforting her distraught husband at home
https://media.gettyimages.com/photos/pensive-woman-in-front-of-the-window-picture-id1129696669,pensive woman in front of the window - stock photo,pensive woman in front of the window
https://media.gettyimages.com/photos/depressed-mature-man-sitting-on-couch-picture-id1163687321,Depressed mature man sitting on couch - stock photo,
https://media.gettyimages.com/photos/unhappy-womans-form-double-exposed-with-paint-splatter-effect-picture-id491747470,Unhappy woman's form double exposed with paint splatter effect - stock photo,Subtle woman's form in an unhappy pose double exposed with a monochromatic paint splatter photographic effect
https://media.gettyimages.com/photos/lonely-woman-in-bedroom-picture-id523346712,Lonely Woman in Bedroom - stock photo,
https://media.gettyimages.com/photos/woman-with-a-mental-problems-is-sitting-exhausted-on-the-floor-with-picture-id1277237827,Woman With A Mental Problems Is Sitting Exhausted On The Floor With Her Dog Next To Her - stock photo,Woman with mental health problems is sitting desperate on the floor and  crying and her dog is next to her
https://media.gettyimages.com/photos/woman-looking-out-of-window-into-her-reflection-picture-id642235294,woman looking out of window into her reflection - stock photo,natural female with red hair and freckles
https://media.gettyimages.com/photos/woman-praying-in-a-dark-place-picture-id543574284,Woman Praying In A Dark Place - stock photo,The silhouette of a praying woman sitting in a dark tunnel with a light at the end.
https://media.gettyimages.com/photos/portrait-of-sad-young-woman-with-face-protective-mask-looking-through-picture-id1217603648,Portrait of sad young woman with face protective mask looking through the window at home - stock photo,Portrait of sad young woman with face protective mask looking through the window at home
https://media.gettyimages.com/vectors/depression-and-anxiety-thin-line-icons-editable-stroke-vector-id1184702124,Depression and Anxiety Thin Line Icons - Editable Stroke - stock vector,"A set of emotional depression icons that include editable strokes or outlines using the EPS vector file. The icons include a depressed person, a sad person reaching for help, a person holding an umbrella over a sad person, a person consoling a depressed person, an arm around the shoulder of an emotionally depressed person, an awareness ribbon, a heart to represent love, a hug, postpartum depression, a caring person, depression cycle, a person reaching to heaven, hope from depression and other related icons."
https://media.gettyimages.com/photos/social-distancing-during-covid19-pandemic-picture-id1214753780,Social distancing during COVID-19 pandemic - stock photo,Woman staying home for safety during coronavirus pandemic
https://media.gettyimages.com/photos/pensive-man-sitting-on-the-floor-looking-out-of-window-picture-id1171714091,Pensive man sitting on the floor looking out of window - stock photo,
https://media.gettyimages.com/photos/man-sitting-alone-at-home-looking-sad-and-distraught-picture-id1181530960,Man sitting alone at home looking sad and distraught - stock photo,Man looking depressed while sitting alone with his head in his hand on his living room sofa at home
https://media.gettyimages.com/photos/caucasian-woman-sitting-in-armchair-holding-legs-picture-id699085161,Caucasian woman sitting in armchair holding legs - stock photo,
https://media.gettyimages.com/photos/portrait-of-young-sad-woman-picture-id1161442042,Portrait of young sad woman - stock photo,Portrait of young caucasian woman posing in studio.
https://media.gettyimages.com/photos/worried-woman-with-protective-face-mask-in-bus-transport-picture-id1209025695,Worried Woman With Protective Face Mask In Bus Transport. - stock photo,"Young woman wearing protective face mask, she sitting in bus transportation in the city."
https://media.gettyimages.com/photos/depressed-young-woman-sitting-on-the-street-picture-id1167553142,Depressed young woman sitting on the street - stock photo,Teenage girl sitting outdoors on the staircase covering her head with sweatshirt hood
https://media.gettyimages.com/photos/girl-alone-picture-id1129211268,"Girl, alone. - stock photo",Girl sitting on a wall and having a tough time
https://media.gettyimages.com/photos/closeup-of-sad-woman-hugging-cushion-while-sitting-at-home-picture-id728909107,Close-Up Of Sad Woman Hugging Cushion While Sitting At Home - stock photo,"Photo Taken In Oradea, Romania"
https://media.gettyimages.com/photos/sad-high-school-student-feeling-lonely-in-a-hallway-picture-id1151538952,Sad high school student feeling lonely in a hallway. - stock photo,Displeased female student bullied by her classmate standing alone in a hallway.
https://media.gettyimages.com/photos/woman-looking-through-the-window-social-distancing-picture-id1214517184,A woman looking through the window... Social distancing. - stock photo,Social distancing or physical distancing is a set of nonpharmaceutical infection control actions intended to stop or slow down the spread of a contagious disease. Strict new curbs on life in the UK to tackle the spread of coronavirus.
https://media.gettyimages.com/photos/be-of-those-who-lend-a-hand-where-they-can-picture-id894377512,Be of those who lend a hand where they can - stock photo,Closeup shot of two unrecognizable people holding hands in comfort
https://media.gettyimages.com/photos/state-of-emergency-covid19-pandemic-picture-id1215743266,"State of emergency, COVID-19 pandemic - stock photo",Woman staying home for safety during coronavirus pandemic and observing empty city
https://media.gettyimages.com/photos/her-emotions-are-building-up-picture-id1129124218,Her emotions are building up - stock photo,Shot of a young businesswoman looking stressed out in an office
https://media.gettyimages.com/illustrations/silhouette-sad-woman-with-rain-clouds-in-head-illustration-id1285353300,Silhouette sad woman with rain clouds in head - stock illustration,
https://media.gettyimages.com/photos/depressed-kid-during-epidemic-quarantine-picture-id1214716233,Depressed kid during epidemic quarantine - stock photo,"Depressed little boy sitting by the window, wearing surgical mask. During quarantine in COVID-19 coronavirus outbreak there is huge psychical pressure on everybody. Nikon D850"
https://media.gettyimages.com/photos/time-flies-over-us-but-leaves-its-shadow-behind-picture-id1202259514,"Time flies over us, but leaves its shadow behind - stock photo",Rearview shot of a mature man looking through a window in a bedroom at home
https://media.gettyimages.com/photos/intense-portrait-of-a-thoughtful-woman-picture-id653767752,intense portrait of a thoughtful woman - stock photo,
https://media.gettyimages.com/photos/woman-having-problems-picture-id1075048598,Woman having problems - stock photo,Mid age woman having problems sitting in her bedroom
https://media.gettyimages.com/photos/woman-depressed-and-alone-picture-id680693460,Woman Depressed And Alone - stock photo,A depressed woman sitting alone is a dark tunnel with light at the other end.
https://media.gettyimages.com/photos/living-life-at-home-during-covid19-picture-id1215365903,Living life at home during COVID-19 - stock photo,"Woman with face mask in her home during stay at home order. Cleaning, and longing to get outside. COVID-19. March 2020"
https://media.gettyimages.com/photos/aerial-of-large-group-of-men-tva-construction-workers-wearing-hard-picture-id81772976,Aerial Of Large Group Of Men Tva Construction Workers Wearing Hard Hats. - stock photo,UNITED STATES - Circa 1930s:  Aerial Of Large Group Of Men Tva Construction Workers Wearing Hard Hats.
https://media.gettyimages.com/photos/elderly-man-sitting-on-bed-looking-serious-picture-id532241835,Elderly man sitting on bed looking serious - stock photo,Elderly man sitting on bed looking serious - Indoors
https://media.gettyimages.com/photos/youre-in-a-safe-space-now-picture-id1165981632,You're in a safe space now - stock photo,Cropped shot of a senior woman holding hands with a nurse
https://media.gettyimages.com/photos/depressed-girl-at-home-picture-id1165709528,Depressed girl at home - stock photo,Young woman sitting at the bed and looking through the window
https://media.gettyimages.com/photos/hearing-a-fathers-advice-picture-id863508094,Hearing a father's advice - stock photo,Upset young man talking with his father.
https://media.gettyimages.com/photos/silhouette-man-sitting-by-window-on-steps-at-home-picture-id1182043746,Silhouette Man Sitting By Window On Steps At Home - stock photo,
https://media.gettyimages.com/photos/thoughtful-woman-sitting-on-window-at-home-picture-id1136782734,Thoughtful Woman Sitting On Window At Home - stock photo,"Photo taken in Moscow, Russia"
https://media.gettyimages.com/photos/rear-view-of-silhouette-woman-looking-through-window-at-home-picture-id1141652626,Rear View Of Silhouette Woman Looking Through Window At Home - stock photo,
https://media.gettyimages.com/photos/african-american-mother-consoling-her-sad-girl-at-home-picture-id1077179266,African American mother consoling her sad girl at home. - stock photo,Young black mother taking care of her depressed little daughter at home.
https://media.gettyimages.com/photos/young-man-sitting-at-kitchen-table-with-hands-on-face-picture-id521983717,Young man sitting at kitchen table with hands on face - stock photo,
https://media.gettyimages.com/photos/depressed-young-woman-talks-to-therapist-picture-id1026611056,Depressed young woman talks to therapist - stock photo,A young woman sits on a couch with her unrecognizable therapist.  She puts her head in her hand as she looks out the window with a sad expression.  Her therapist puts a hand on her shoulder.
https://media.gettyimages.com/photos/young-man-alcoholic-on-therapy-session-picture-id1131100108,"Young man, alcoholic, on  therapy session - stock photo","Young man, alcoholic, talking to female therapist about his problems, on  therapy session"
https://media.gettyimages.com/photos/woman-suffering-from-depression-picture-id898248496,Woman suffering from depression - stock photo,Young woman suffering from headache
https://media.gettyimages.com/photos/why-am-i-feeling-so-depressed-picture-id1189299518,Why am I feeling so depressed? - stock photo,Full length shot of a handsome young man sitting at the foot of his bed and feeling depressed at home
https://media.gettyimages.com/photos/elderly-man-sitting-alone-at-home-picture-id912073280,Elderly man sitting alone at home - stock photo,Thoughtful elderly man sitting alone at home with his walking cane
https://media.gettyimages.com/photos/sad-woman-looking-out-of-the-window-picture-id916643676,sad woman looking out of the window - stock photo,
https://media.gettyimages.com/photos/rear-view-of-man-sitting-on-bed-picture-id1214867035,Rear View Of Man Sitting On Bed - stock photo,
https://media.gettyimages.com/photos/rear-view-of-woman-looking-through-window-at-home-picture-id1032793258,Rear View Of Woman Looking Through Window At Home - stock photo,"Photo Taken In Krakow, Poland"
https://media.gettyimages.com/photos/what-could-you-achieve-if-you-feared-nothing-picture-id598238288,What could you achieve if you feared nothing? - stock photo,Shot of a thoughtful young entrepreneur leaning against a glass window in his office
https://media.gettyimages.com/photos/staying-home-with-flu-virus-picture-id1217199787,Staying home with flu virus - stock photo,Woman with temperature staying home wrapped in scarf and drinking hot tea
https://media.gettyimages.com/photos/senior-caucasian-woman-with-chin-in-hands-picture-id482147037,Senior Caucasian woman with chin in hands - stock photo,