﻿标题,字段1,URL
Men Waiting Outside Al Capone Soup Kitchen,"Notorious gangster Al Capone attempts to help unemployed men with his soup kitchen ""Big Al's Kitchen for the Needy."" The kitchen provides three meals a day consisting of soup with meat, bread, coffee, and doughnuts, feeding about 3500 people daily at a cost of $300 per day.",https://media.gettyimages.com/photos/notorious-gangster-al-capone-attempts-to-help-unemployed-men-with-his-picture-id515513312
Men Eating Soup During Great Depression,(Original Caption) The Great Depression in the U.S.: Men eating bread and soup in a breadline. Undated photograph.BPA2# 1048,https://media.gettyimages.com/photos/the-great-depression-in-the-us-men-eating-bread-and-soup-in-a-1048-picture-id514881936
Man Selling Roadster After Stock Market Crash,Bankrupt investor Walter Thornton tries to sell his luxury roadster for $100 cash on the streets of New York City following the 1929 stock market crash.,https://media.gettyimages.com/photos/bankrupt-investor-walter-thornton-tries-to-sell-his-luxury-roadster-picture-id517322676
Wall Street Crash,"The front page of the Brooklyn Daily Eagle newspaper with the headline 'Wall St. In Panic As Stocks Crash', published on the day of the initial Wall Street Crash of 'Black Thursday', 24th October 1929. (Photo by FPG/Hulton Archive/Getty Images)",https://media.gettyimages.com/photos/the-front-page-of-the-brooklyn-daily-eagle-newspaper-with-the-wall-picture-id78075346
Failed Bank,"A crowd of depositors outside the American Union Bank in New York, having failed to withdraw their savings before the bank collapsed, 30th June 1931. (Photo by FPG/Hulton Archive/Getty Images)",https://media.gettyimages.com/photos/crowd-of-depositors-outside-the-american-union-bank-in-new-york-to-picture-id78076448
The Great Depression,"A long line of unemployed and homeless men wait outside to get free dinner at the municipal lodging house during the Great Depression, in New York, USA, circa 1930. (Photo by FotosearchGetty Images).",https://media.gettyimages.com/photos/long-line-of-unemployed-and-homeless-men-wait-outside-to-get-free-at-picture-id96742927
One Man Demo,"A man making his own protest against unemployment. The sign on his back reads: 'I know 3 trades, I speak 3 languages, fought 3 years, have 3 children and no work for 3 months, but I only want one job.'   (Photo by General Photographic Agency/Getty Images)",https://media.gettyimages.com/photos/man-making-his-own-protest-against-unemployment-the-sign-on-his-back-picture-id2667015
Unemployment Demo,"circa 1930:  Unemployed men marching along the Thames embankment, carrying a banner reading 'Organise or Starve'.  (Photo by Topical Press Agency/Getty Images)",https://media.gettyimages.com/photos/circa-1930-unemployed-men-marching-along-the-thames-embankment-a-picture-id3310674
New York Bread Line,"A bread line forms outside the Rescue Society in Doyers Street, New York City, during the Great Depression, 1929. (Photo by Archive Photos/Getty Images)",https://media.gettyimages.com/photos/bread-line-forms-outside-the-rescue-society-in-doyers-street-new-york-picture-id74058366
At Sub-Treasury,"November 1929:  The Sub-Treasury Building (now Federal Hall National Memorial) opposite the Wall Street Stock Exchange in Manhattan, New York, at the time of the Wall Street Crash.  (Photo by Hulton Archive/Getty Images)",https://media.gettyimages.com/photos/november-1929-the-subtreasury-building-opposite-the-wall-street-stock-picture-id3315275
On The Bread Line,"1930:  Unemployed men receiving soup and slices of bread in an outdoor breadline during the Great Depression, Los Angeles, California. Some women serve the soup with large ladles while others hand out slices of bread from trays.  (Photo by American Stock/Getty Images)",https://media.gettyimages.com/photos/unemployed-men-receiving-soup-and-slices-of-bread-in-an-outdoor-the-picture-id3206095
The Great Depression,"Two men wearing sandwich boards advertising their willingness to find employment - 'Wanted, a decent job' - in Chicago during the Great Depression. Chicago, Illinois, USA, 15 April 1934. (Photo by FotosearchGetty Images).",https://media.gettyimages.com/photos/two-men-wearing-sandwich-boards-advertising-their-willingness-to-find-picture-id96743223
New York Breadline,"Unemployed men queuing for coffee and bread at a soup kitchen run by the Bahai Fellowship at 203 East 9th Street, New York, circa 1930. (Photo by FPG/Hulton Archive/Getty Images)",https://media.gettyimages.com/photos/unemployed-men-queuing-for-coffee-and-bread-at-a-soup-kitchen-run-by-picture-id81843344
Wall Street Crash,"The crowds on Wall Street, New York, after the stock exchange crashed.   (Photo by Fox Photos/Getty Images)",https://media.gettyimages.com/photos/the-crowds-on-wall-street-new-york-after-the-stock-exchange-crashed-picture-id2659180
"Los Angeles County Homeless Population nears 90,000","LOS ANGELES, CA - JANUARY 18:  Donald Rayfield, known on the street as ""Detroit"", smokes crack cocaine and looks at a pornographic magazine in an underground storm drain on January 18, 2006 in Los Angeles, California. Detroit became homeless when he began smoking crack as he grieved the sudden death of his mother on December 15 ending four years of drug-free living. He has enrolled in a rehabilitation program to begin this week. A recent comprehensive census and survey of homelessness in Los Angeles County by the federal Department of Housing and Urban Development found 88,345 homeless people in the city and surrounding communities, far exceeding any other county in the nation, or the five boroughs of New York which by contrast have only 48,155 homeless people.  (Photo by David McNew/Getty Images)",https://media.gettyimages.com/photos/donald-rayfield-known-on-the-street-as-detroit-smokes-crack-cocaine-picture-id56621865
Migrant Family,"A family of migrant workers fleeing from the drought in Oklahoma camp by the roadside in Blythe, California.   (Photo by Dorothea Lange/Getty Images)",https://media.gettyimages.com/photos/family-of-migrant-workers-fleeing-from-the-drought-in-oklahoma-camp-picture-id2668448
Migrant Mother By Lange,"Migrant Mother by Dorothea Lange (American, 1895 - 1964); silver print, 1936. Commissioned by the Resettlement Administration. (Photo by GraphicaArtis/Getty Images)",https://media.gettyimages.com/photos/migrant-mother-by-dorothea-lange-silver-print-1936-commissioned-by-picture-id566420247
Bread Line During Depression,"(Original Caption) Unemployed men on bread line during the Depression. B/W photograph, undated.",https://media.gettyimages.com/photos/unemployed-men-on-bread-line-during-the-depression-bw-photograph-picture-id514885362
Unemployed Men in Bread Line,Unemployed men wait in long lines for bread and handouts during the Great Depression.,https://media.gettyimages.com/photos/unemployed-men-wait-in-long-lines-for-bread-and-handouts-during-the-picture-id514699386
Berlin Unemployed Demonstration,"Male and female protestors carrying a banner, which reads '2 millionen erwerbslose, 1,2 milliarden fur fursten' during a demonstration by unemployed people of Berlin, Germany, circa 1930. The sign roughly translates as '2 million unemployed 1.2 billion for princes'. (Photo by Hulton Archive/Getty Images)",https://media.gettyimages.com/photos/male-and-female-protestors-carrying-a-banner-which-reads-2-millionen-picture-id117842372
Wall Street Investor Tries to Sell Automobile,A Wall Street speculator tries to sell his car after losing all of his money in the stock market crash.,https://media.gettyimages.com/photos/wall-street-speculator-tries-to-sell-his-car-after-losing-all-of-his-picture-id517322822
Children on Picket Line,Children carry picket signs at a demonstration for the Workers Alliance during the Great Depression. (Photo by © Minnesota Historical Society/CORBIS/Corbis via Getty Images),https://media.gettyimages.com/photos/children-carry-picket-signs-at-a-demonstration-for-the-workers-the-picture-id576823780
"TO GO WITH AFP STORY : "" The Great Crash","TO GO WITH AFP STORY : "" The Great Crash of 1929, and lessons taming the crisis of 2008 "". (FILES) - This undate photo shows traders working in Wall Street, in New York. October 1929 was the beginning of the 1929 Stock Market Crash. The financial firestorm that has spread around the world from the US home loan market in the last 14 months is now in 2008 widely described as the biggest crisis since the crash of 1929, but with some big differences. Probably a ""once-in-a-century type of event,"" in the words of former US Federal Reserve chairman Alan Greenspan, ""outstripping anything I've seen."" For Macquarie Private Wealth associate director Marcus Droga, the collapse of Lehman brothers and other Wall Street distress dignals on Monday probably marked ""more in one day of financial history than we've seen since the great crash of 1929.""  AFP PHOTO (Photo credit should read OFF/AFP via Getty Images)",https://media.gettyimages.com/photos/the-great-crash-of-1929-and-lessons-taming-the-crisis-of-2008-this-picture-id82839008
Breadline Of Unemployed,"Breadline of unemployed, New York, New York, early to mid 20th century. (Photo by Visual Studies Workshop/Getty Images)",https://media.gettyimages.com/photos/breadline-of-unemployed-new-york-new-york-early-to-mid-20th-century-picture-id566221203
Cheap Eats,"Unemployed men eating soup and bread at Bernarr Macfadden's Penny Cafeteria, probably in Washington DC, USA, circa 1935.  Macfadden (1868 - 1955) was a publisher and proponent of physical culture. His Macfadden Foundation established schools and physical training centres as well as restaurants for the unemployed. (Photo by Keystone View Company/Archive Photos/Getty Images)",https://media.gettyimages.com/photos/unemployed-men-eating-soup-and-bread-at-bernarr-macfaddens-penny-in-picture-id107692038
Shareholders,"31st October 1929:  In a London club run by St Phalle Ltd, members watch fluctuations in the New York stock market during the Wall Street crash as changes are chalked up by telephone operators in direct contact with New York.  (Photo by London Express/Getty Images)",https://media.gettyimages.com/photos/31st-october-1929-in-a-london-club-run-by-st-phalle-ltd-members-watch-picture-id3436793
Roadside Dinner,circa 1930:  A migrant family saying Grace before their noonday meal by the side of the road East of Oklahoma.  (Photo by Three Lions/Getty Images),https://media.gettyimages.com/photos/circa-1930-a-migrant-family-saying-grace-before-their-noonday-meal-by-picture-id3316830
Truckload of Unemployed Men at the White House,Unemployed men arrive at the capitol in Washington DC by the truck load to appeal for Federal Aid.,https://media.gettyimages.com/photos/unemployed-men-arrive-at-the-capitol-in-washington-dc-by-the-truck-picture-id515180750
Handing Out Bread and Coffee,"William I. Sirovich, Heywood Brown, and Reverend Raymond Brown hand out packages of food to the jobless outside St. Peter's Mission in New York City.",https://media.gettyimages.com/photos/william-i-sirovich-heywood-brown-and-reverend-raymond-brown-hand-out-picture-id514882010
Not Going by Train,"Two Dust Bowl refugees walk along a highway towards Los Angeles. passing by a billboard imploring them ""Next Time Try the Train - Relax"".",https://media.gettyimages.com/photos/two-dust-bowl-refugees-walk-along-a-highway-towards-los-angeles-by-a-picture-id515212776
Depositors Congregate Outside Closed Bank,"(Original Caption) Depositors congregate outside the state ordered closed doors of the Union Bank of New York City. Photograph, 1931. BPA2# 1047",https://media.gettyimages.com/photos/depositors-congregate-outside-the-state-ordered-closed-doors-of-the-picture-id514877484
Wall Street On Black Tuesday,"View of crowds of people on Wall Street during the stock market crash, known as Black Tuesday, New York, New York, October 29, 1929. (Photo by PhotoQuest/Getty Images)",https://media.gettyimages.com/photos/view-of-crowds-of-people-on-wall-street-during-the-stock-market-crash-picture-id544748677
Man sitting alone at his kitchen table,"Bonn, Germany - January 17:  In this photo illustration a man, depressiv, is sitting alone at a kitchen table on January 17, 2021 in Bonn, Germany. (Photo by Ute Grabowsky/Photothek via Getty Images)",https://media.gettyimages.com/photos/in-this-photo-illustration-a-man-depressiv-is-sitting-alone-at-a-on-picture-id1230644806
Alcohol Licences,"A huge queue outside the Board of Health offices in Centre Street, New York, for licences to sell alcohol shortly after the repeal of prohibition. The repeal of prohibition was a key policy of Franklin Roosevelt's government as it allowed the government an opportunity to raise tax revenues at a time of economic hardship.  (Photo by Keystone/Getty Images)",https://media.gettyimages.com/photos/huge-queue-outside-the-board-of-health-offices-in-centre-street-new-picture-id2716844
Feeding The Poor,"An old woman receives her Thanksgiving ration of food in New York, during the Great Depression, 7th November 1930. Tons of food were distributed nationwide to the starving populace. (Photo by Topical Press Agency/Hulton Archive/Getty Images)",https://media.gettyimages.com/photos/an-old-woman-receives-her-thanksgiving-ration-of-food-in-new-york-picture-id79643189
Drought Refugees,"June 1938:  A family in Pittsburg County, Oklahoma is forced to leave their home during the Great Depression, due to a serious drought in the region.  (Photo by Dorothea Lange/Keystone/Getty Images)",https://media.gettyimages.com/photos/june-1938-a-family-in-pittsburg-county-oklahoma-is-forced-to-leave-picture-id3430565
The Great Depression In The 1930S In The United States,"UNITED STATES - NOVEMBER 08:  Unemployed persons demonstrated in Times Square, New York. They are wearing signs which state their professions and which offer to work for a dollar a week. One can see here farmers, firemen, janitors. November 8, 1930.  (Photo by Keystone-France/Gamma-Keystone via Getty Images)",https://media.gettyimages.com/photos/unemployed-persons-demonstrated-in-times-square-new-york-they-are-picture-id104402244
Hunger March,"Unemployed men on a hunger march pass through a British town, circa 1935. (Photo by Keystone/Hulton Archive/Getty Images)",https://media.gettyimages.com/photos/unemployed-men-on-a-hunger-march-pass-through-a-british-town-circa-picture-id91115215
Depression,"An atmospheric photo depicting shadows on a wall, Cincinnati, Ohio, 1930.  The shadows belong to a group of men lined up for a bread line during the Great Depression. (Photo by Paul Briol/Cincinnati Museum Center/Getty Images)",https://media.gettyimages.com/photos/an-atmospheric-photo-depicting-shadows-on-a-wall-cincinnati-ohio-1930-picture-id84611114
"Salvation army travelling soup kitchen, 1934","The line up for free soup distributed by the Salvation Army Soup Kitchen, which was warmly welcomed when it visited Gateshead, 30th January 1934. (Photo by Staff/Mirrorpix/Getty Images)",https://media.gettyimages.com/photos/the-line-up-for-free-soup-distributed-by-the-salvation-army-soup-picture-id896486862
Depositors Waiting for Bank to Open,"(Original Caption) Depositors gather as N.Y. bank closes as bankrupt...Clarke Brothers, private bankers at 154 Nassau St., New York City, since their organization since 1843, closed their doors and filed a petition of bankruptcy in the Federal Court, with a request for a receiver. This photo shows the angry crowd of men and women, all depositors, who waited for the bank to open so that they could draw their money. Unprecedented withdrawals caused the crisis, and the payment of 100 cents on the dollar was promised to the somewhat skeptical depositors.",https://media.gettyimages.com/photos/depositors-gather-as-ny-bank-closes-as-bankruptclarke-brothers-at-picture-id515457084
Near Southern Pines,"1935:  An African-American family near Southern Pines, North Carolina.  (Photo by MPI/Getty Images)",https://media.gettyimages.com/photos/an-africanamerican-family-near-southern-pines-north-carolina-picture-id3090465
Hooverville in Seattle,"(Original Caption) 7/16/1934-Hooverville, a section of Seattle. Photograph.",https://media.gettyimages.com/photos/7161934hooverville-a-section-of-seattle-photograph-picture-id515301910
Bread Line in Depression-Era New York,"(Original Caption) Unemployed bread lines; despite a heavy rain, these poor unfortunates, jobless and moneyloos (?), wait in line at Grand and Christie Streets in NYC for nourishment being doled out.",https://media.gettyimages.com/photos/unemployed-bread-lines-despite-a-heavy-rain-these-poor-unfortunates-picture-id514874842
"People/The Depression 16th November 1930. A ""soup kitchen"" in Chicago, U.S.A. opened for the hungry and homeless by gangster Al Capone during the Depression.","People/The Depression, 16th November 1930, A ""soup kitchen"" in Chicago, U,S,A, opened for the hungry and homeless by gangster Al Capone during the Depression  (Photo by Rolls Press/Popperfoto via Getty Images/Getty Images)",https://media.gettyimages.com/photos/peoplethe-depression-16th-november-1930-a-soup-kitchen-in-chicago-usa-picture-id80752202
Leaving Florida,An African-American family leaving Florida during the Great Depression.   (Photo by MPI/Getty Images),https://media.gettyimages.com/photos/an-africanamerican-family-leaving-florida-during-the-great-depression-picture-id2667542
News Share,"Four elderly men sitting on a step reading a newspaper during the Great Depression, USA, circa 1937.  (Photo by Keystone/Hulton Archive/Getty Images)",https://media.gettyimages.com/photos/four-elderly-men-sitting-on-a-step-reading-a-newspaper-during-the-picture-id3376845
Looking For A Job,"In his hopeless search for a job, a man is standing in front of a door on which there is a sign that says: 'NO WORK. DON'T APPLY', Canada, 1943. Photo taken during the National Film Board of Canada's production of 'A Man and His Job'. (Photo by NFB/Getty Images)",https://media.gettyimages.com/photos/in-his-hopeless-search-for-a-job-a-man-is-standing-in-front-of-a-door-picture-id120007481
Hunger March,circa 1930:  A huge rally to mark the end of a Hunger March on London by unemployed workers at Trafalgar Square.  (Photo by Central Press/Getty Images),https://media.gettyimages.com/photos/circa-1930-a-huge-rally-to-mark-the-end-of-a-hunger-march-on-london-picture-id3272372
Wall Street,24th October 1929:  Huge crowds outside the sub Treasury Building watching the Wall Street Stock Exchange across the corner.  (Photo by London Express/Getty Images),https://media.gettyimages.com/photos/24th-october-1929-huge-crowds-outside-the-sub-treasury-building-the-picture-id3089127
Brooklyn Daily Eagle Front Page,"Top half of the front page of the newspaper Brooklyn Daily Eagle has banner headline reading 'Wall St. In Panic As Stocks Crash' which describes the massive fall in stock value on what became known as Black Thursday, October 24, 1929. The stock market crash is often considered the starting point of the Great Depression of 1929 - 1941. Other headlines recount an attempt to kill Italian Crown Prince Umberto (1904 - 1983) (left) and a campaign finance scandal concerning American industrialist and later senator Joseph R. Grundy (1863 - 1961) (right). (Photo by FPG/Getty Images)",https://media.gettyimages.com/photos/other-headlines-recount-an-attempt-to-kill-italian-crown-prince-and-picture-id51311238
Waiting For Work,17th March 1931:  A huge crowd of labourers gathers at the London docks in the hopes of getting some work.  (Photo by Fox Photos/Getty Images),https://media.gettyimages.com/photos/17th-march-1931-a-huge-crowd-of-labourers-gathers-at-the-london-docks-picture-id3273189
Crowd After Stock Market Crash,"(Original Caption) 10/24/1929-New York, NY: Photograph shows the street scene on Black Thursday, the day the New York stock market crashed, and the day that led to the Great Depression.",https://media.gettyimages.com/photos/10241929new-york-ny-photograph-shows-the-street-scene-on-black-the-picture-id514905146
The Great Depression,"A view of men gathered in a common sleeping area during the Great Depression in Cincinnati, ca.1930s. (Photo by Paul Briol/Cincinnati Museum Center/Getty Images)",https://media.gettyimages.com/photos/view-of-men-gathered-in-a-common-sleeping-area-during-the-great-in-picture-id84676033
London's Poor,"29th October 1930:  Four tramps, covered in newspapers in an attempt to keep warm, asleep on a bench in a London street.  (Photo by Sasha/Hulton Archive/Getty Images)",https://media.gettyimages.com/photos/29th-october-1930-four-tramps-covered-in-newspapers-in-an-attempt-to-picture-id3310932
Empty New York Stock Exchange,"Black and white photograph showing an aerial or bird's eye view of the empty gallery and the ticker tape littered ground floor of the New York Stock Exchange, with the camera focused on a deserted post in the foreground and a single, male figure, shown in profile, located in a section of a post to the rear, taken in New York City, by German-American photographer Johanna Alexandra 'Lotte' Jacobi (1896–1990), 1938. (Photo by University of New Hampshire/Gado/Getty Images)",https://media.gettyimages.com/photos/black-and-white-photograph-showing-an-aerial-or-birds-eye-view-of-the-picture-id911006604
Jobless New Yorkers Selling Apples On The Pavement Great Depression New York USA 1930,"Jobless New Yorkers selling apples on the pavement, Great Depression, New York, USA, 1930. (Photo by Historica Graphica Collection/Heritage Images/Getty Images)",https://media.gettyimages.com/photos/jobless-new-yorkers-selling-apples-on-the-pavement-great-depression-picture-id804476536
Chicago Slums,circa 1930:  Maxwell Street market in a poor quarter of Chicago.  (Photo by General Photographic Agency/Getty Images),https://media.gettyimages.com/photos/circa-1930-maxwell-street-market-in-a-poor-quarter-of-chicago-picture-id3066087
Unemployed During Great Depression,"A crowed of unemployed men gather in the rain in front of a row of employment agencies on Sixth Avenue during the Great Depression, New York City, 1931.  (Photo by Hulton Archive/Getty Images)",https://media.gettyimages.com/photos/crowed-of-unemployed-men-gather-in-the-rain-in-front-of-a-row-of-on-picture-id2793229
Hale County Home,"Cotton Sharecropper Bud Fields and his family at their home in Hale County, Alabama.   (Photo by Walker Evans/Getty Images)",https://media.gettyimages.com/photos/cotton-sharecropper-bud-fields-and-his-family-at-their-home-in-hale-picture-id2668706